/*
SQLyog Professional v12.09 (64 bit)
MySQL - 5.7.36 : Database - petstore
*********************************************************************
*/

/*!40101 SET NAMES utf8 */;

/*!40101 SET SQL_MODE=''*/;

/*!40014 SET @OLD_UNIQUE_CHECKS=@@UNIQUE_CHECKS, UNIQUE_CHECKS=0 */;
/*!40014 SET @OLD_FOREIGN_KEY_CHECKS=@@FOREIGN_KEY_CHECKS, FOREIGN_KEY_CHECKS=0 */;
/*!40101 SET @OLD_SQL_MODE=@@SQL_MODE, SQL_MODE='NO_AUTO_VALUE_ON_ZERO' */;
/*!40111 SET @OLD_SQL_NOTES=@@SQL_NOTES, SQL_NOTES=0 */;
CREATE DATABASE /*!32312 IF NOT EXISTS*/`petstore` /*!40100 DEFAULT CHARACTER SET utf8 */;

USE `petstore`;

/*Table structure for table `category` */

DROP TABLE IF EXISTS `category`;

CREATE TABLE `category` (
  `id` INT(11) NOT NULL AUTO_INCREMENT,
  `name` VARCHAR(255) DEFAULT NULL,
  PRIMARY KEY (`id`) USING BTREE
) ENGINE=INNODB AUTO_INCREMENT=5 DEFAULT CHARSET=utf8 ROW_FORMAT=DYNAMIC;

/*Data for the table `category` */

INSERT  INTO `category`(`id`,`name`) VALUES (1,'猫'),(2,'狗'),(3,'鸟'),(4,'鱼');

/*Table structure for table `customer` */

DROP TABLE IF EXISTS `customer`;

CREATE TABLE `customer` (
  `id` INT(20) NOT NULL AUTO_INCREMENT,
  `name` VARCHAR(255) NOT NULL,
  `email` VARCHAR(255) NOT NULL,
  `pwd` VARCHAR(255) NOT NULL,
  `balance` DECIMAL(10,2) NOT NULL DEFAULT '0.00',
  PRIMARY KEY (`id`) USING BTREE
) ENGINE=INNODB AUTO_INCREMENT=5 DEFAULT CHARSET=utf8 ROW_FORMAT=DYNAMIC;

/*Data for the table `customer` */

INSERT  INTO `customer`(`id`,`name`,`email`,`pwd`,`balance`) VALUES (1,'jack','jack@qq.com','123','10000.00'),(2,'admin','admin@qq.com','123','0.00');

/*Table structure for table `order` */

DROP TABLE IF EXISTS `order`;

CREATE TABLE `order` (
  `id` INT(11) NOT NULL AUTO_INCREMENT COMMENT 'Id',
  `cid` INT(11) DEFAULT NULL COMMENT 'customerId',
  `money` DECIMAL(10,2) DEFAULT NULL,
  `status` VARCHAR(50) DEFAULT NULL,
  `date` DATETIME DEFAULT NULL,
  PRIMARY KEY (`id`),
  KEY `fk_order_customer` (`cid`) USING BTREE,
  KEY `id` (`id`) USING BTREE,
  CONSTRAINT `fk_order_customer` FOREIGN KEY (`cid`) REFERENCES `customer` (`id`)
) ENGINE=INNODB AUTO_INCREMENT=24 DEFAULT CHARSET=utf8;

/*Data for the table `order` */

/*Table structure for table `orderdetail` */

DROP TABLE IF EXISTS `orderdetail`;

CREATE TABLE `orderdetail` (
  `id` INT(255) NOT NULL AUTO_INCREMENT,
  `oid` INT(20) DEFAULT NULL COMMENT 'orderId',
  `pid` INT(20) DEFAULT NULL COMMENT 'petId',
  `price` DECIMAL(10,2) DEFAULT NULL,
  `quantity` INT(255) DEFAULT NULL,
  PRIMARY KEY (`id`) USING BTREE,
  KEY `fk_orderdetail_order` (`oid`) USING BTREE,
  KEY `fk_orderdetail_pet` (`pid`) USING BTREE,
  CONSTRAINT `fk_orderdetail_order` FOREIGN KEY (`oid`) REFERENCES `order` (`id`),
  CONSTRAINT `fk_orderdetail_pet` FOREIGN KEY (`pid`) REFERENCES `pets` (`id`)
) ENGINE=INNODB AUTO_INCREMENT=58 DEFAULT CHARSET=utf8;

/*Data for the table `orderdetail` */

/*Table structure for table `pets` */

DROP TABLE IF EXISTS `pets`;

CREATE TABLE `pets` (
  `id` INT(11) NOT NULL AUTO_INCREMENT,
  `c_id` INT(11) DEFAULT NULL,
  `title` VARCHAR(500) NOT NULL,
  `tag` VARCHAR(500) DEFAULT NULL,
  `photo` VARCHAR(500) DEFAULT NULL,
  `price` DECIMAL(10,2) DEFAULT '0.00',
  `stock` INT(11) DEFAULT '0',
  `description` VARCHAR(5000) DEFAULT NULL,
  PRIMARY KEY (`id`),
  KEY `fk_category_id` (`c_id`),
  CONSTRAINT `fk_category_id` FOREIGN KEY (`c_id`) REFERENCES `category` (`id`)
) ENGINE=INNODB AUTO_INCREMENT=43 DEFAULT CHARSET=utf8;

/*Data for the table `pets` */

INSERT  INTO `pets`(`id`,`c_id`,`title`,`tag`,`photo`,`price`,`stock`,`description`) VALUES (3,3,'金丝雀','艳丽,活泼','bird1.jpg','70.00',5,'金丝雀又名芙蓉鸟、芙蓉、白玉、白玉鸟、玉鸟、白燕,是雀目科食谷类鸟。原产非洲西北海岸的加纳利、马狄拿、爱苏利兹等岛屿,是羽色和鸣叫兼优的笼养观赏鸟。有24个品种,在国内外皆被列为高贵笼养观赏鸟之一。宜尽早单笼调教,不论鸣唱或杂技,均以雄性为好。'),(4,3,'八哥','善鸣叫,习人语','bird2.jpg','50.00',6,'八哥通体黑色,前额有长而竖直的羽簇,有如冠状,翅具白色翅斑,飞翔时尤为明显。尾羽和尾下覆羽具白色端斑。嘴乳黄色,脚黄色。是颇受欢迎的笼养鸟。它能模仿其他鸟的鸣叫,也能模仿简单的人语,在国内广被人们笼养,而且被引种到菲律宾和加拿大等地。'),(5,3,'画眉鸟','极善鸣啭,歌声动听','bird3.jpg','60.00',5,'画眉鸟全身大部棕褐色。头顶至上背具黑褐色的纵纹,眼圈白色并向后延伸成狭窄的眉纹。栖息于山丘的灌丛和村落附近的灌丛或竹林中,机敏而胆怯,常在林下的草丛中觅食,不善作远距离飞翔。雄鸟在繁殖期常单独藏匿在杂草及树枝间极善鸣啭,声音十分洪亮,歌声悠扬婉转,非常动听,是有名的笼鸟。'),(6,3,'百灵鸟','能歌善舞,委婉动听','bird4.jpg','80.00',5,'百灵是草原上盛产的名贵鸟类,姿态优美,是有别于其他鸣禽的独有美态,它们的头上常有漂亮的具羽冠,嘴较细小而呈圆锥状,生性大方,喜欢在道路上觅食,旁若无人。叫声响亮且能够维持很长时间,声色委婉动听,在高空中可以直抵云霄,把它关在笼子里它也能歌善舞。'),(8,3,'虎皮鹦鹉','顽皮,可爱','bird5.jpg','30.00',5,'虎皮鹦鹉是鹦形目鹦鹉科的鸟类,又名娇凤,属小型攀禽品种,原产于澳大利亚的内陆地区,野生的虎皮鹦鹉栖息于林缘、草地等处。结群活动。以植物种子等为食。性情活泼且易于驯养,在中国是大众最喜欢的宠物鸟之一。它们常是许多刚对鹦鹉有兴趣的人买的第一只鹦鹉,也是最常出现在鸟展的种类。'),(9,3,'牡丹鹦鹉','羽色鲜艳,有灵性','bird6.jpg','40.00',6,'牡丹鹦鹉是攀禽类、鹦鹉科。又名情侣鹦鹉、蜡嘴鹦鹉、恋爱鸟。原产非洲,现世界各地均有饲养。头部黑褐色或棕褐色;嘴红色呈蜡状,尖硬善啄咬;眼周具白圈;脚为对趾,肉灰色。雌雄鸟外观无甚区别。性情迟钝不畏人。喜食植物子实、浆果、嫩芽及各种农作物。喜欢咬剥树皮、树叶, 并将其撕碎后垫入巢内。'),(10,3,'玄凤鹦鹉','羽色秀丽,观赏性高','bird7.jpg','120.00',6,'玄凤鹦鹉,又名鸡尾鹦鹉,是世界上最常见的中型鹦鹉之一。品种玄凤主要有两种羽色:一是白色,红眼睛,头部与冠项为黄色,两眼后斜下的颊部,各有一块圆形红斑,十分秀丽,具有很高的观赏价值。野生种群产自澳洲,繁殖数量多使得玄凤鹦鹉相当的普遍,手养幼鸟十分活泼,喜爱亲近主人.同许多其他鹦鹉相比较,玄凤鹦鹉是相对比较安静的鸟。雌性玄凤鹦鹉不具备掌握大量词汇的能力,一些雄性的玄凤鹦鹉据报道掌握了大量的词汇.'),(11,3,'白文鸟','羽毛雪白,性格温驯','bird8.jpg','50.00',6,'白文鸟是日本培育出来的一种鸟,雏鸟时背部羽毛是灰色的,成鸟后羽毛雪白,嘴和脚是红色的非常漂亮。白文鸟姿态和羽毛非常漂亮,生性活泼,性格温驯,喜欢亲近人、跟人玩耍,很好照顾,还可以训练一些简单的技能。很受养鸟人的欢迎。同时,作为手玩鸟,它身强体健,很适合初学者,是一种入门的鸟种。'),(12,3,'红嘴蓝鹊','姿态优美,性喧闹','bird9.jpg','100.00',6,'红嘴蓝鹊,大型鸦类,体长54-65厘米,是一种体态美丽的笼鸟。嘴、脚红色,头、颈、喉和胸黑色,头顶至后颈有一块白色至淡蓝白色或紫灰色块斑,其余上体紫蓝灰色或淡蓝灰褐色。尾长呈凸状具黑色亚端斑和白色端斑。能发出多种不同的嘈吵叫声和哨声。以果实、小型鸟类及卵、昆虫为食。'),(13,3,'七彩文鸟','色彩美丽,生性安静','bird10.jpg','90.00',6,'七彩文鸟,是一种原产在澳大利亚的美丽鸟类,它有五颜六色的羽毛,尾有两个长长的分叉,就像燕子一样,在原产地已经很少再能看到它们了,由于人类的惊扰,它们的野生栖息地已经越来越少了,人工饲养早已经成功了,现在饲养的七彩文鸟分成好几个品系,一般的大陆上的品种主要有绿身粉胸黄头型和绿身粉胸红头型或者黑头型,黑头的一般为母鸟。'),(14,2,'藏獒','凶猛,忠诚','dog1.jpg','3500.00',5,'藏獒（Tibetan Mastiff）,又名西藏獒犬,属獒犬类,是一种体型较大性格凶猛的犬。它气质刚强,尊贵而高傲,力量强大,动作敏捷矫健,耐力较差,幼犬在成年以前记忆力较差。本品种的典型特征是警觉性高,领地意识极强,对主人极为忠诚,在领地内对陌生人有强烈敌意,善于保护主人及其财物。'),(15,2,'英国猎狐犬','强壮,勇敢','dog2.jpg','4900.00',5,'美国的猎狐运动几乎与大不列颠的猎狐运动在同一时期产生。在美国的犬展上或者其他地方我们所接触的猎狐犬被称为英国猎狐犬（EnglishFoxhound）,虽然我们很难理解为什么被冠以那个名字而不被叫作猎狐梗即应称为英国猎狐梗的原因。英国猎狐犬被精心饲养了150多年。由猎狐犬主人协会(英国)出版的优良品种登记簿可追溯到1800多年以前,并且对于每一个英国猎狐犬的主人来说,追溯它的血统是一件十分容易的事。英国猎狐犬的饲养掌握在猎犬的主人手中,这些人保留着最精心的饲养的记录。'),(16,2,'法国狼犬','勇敢,忠诚','dog3.jpg','4100.00',5,'法国狼犬（Beauceron）是法国最著名的牧羊犬之一,外表使人联想起多伯曼狗。可从它较长的尾巴和一只残留趾来区别两者间的不同。法国境内经常剪去耳尖。最早用来猎野猪,后来因为聪明和适应性强而转于牧羊,战时甚至还用它来传递消息。别名“波什罗奇”是指腿上有褐色斑块的狗而言。'),(17,2,'柴犬','机敏,独立','dog4.jpg','16000.00',5,'柴犬（Shiba Inu）是体型中等并且又最古老的犬。柴犬能够应付陡峭的丘陵和山脉的斜坡,拥有灵敏的感官,使得柴犬屡次成为上乘的狩猎犬。柴犬性格活泼、好动。对自己喜欢的玩具、会一天到晚的把玩。其对外有极强警惕性,能为户主看家护院。其特别是对大型同类,并且不服输。草丛中的耗子、鸟都会是它的猎物及玩具。'),(18,2,'萨摩耶犬','憨厚,温顺','dog5.jpg','1700.00',5,'萨摩耶犬（Samoyed）,别称萨摩耶,原是西伯利亚的原住民萨摩耶族培育出的犬种,一岁前调皮、灵动。它机警、强壮、灵活、美丽、高贵优雅、乖巧可爱,有着非常引人注目的外表,有“微笑天使”的称号,也有着“微笑天使面孔,捣蛋魔鬼内心”之称,萨摩耶犬的颜色为白色；部分带有很浅的浅棕色、奶酪色、浅棕色。'),(19,2,'拳狮犬','活泼,好斗','dog6.jpg','4200.00',5,'拳狮犬（Boxer）的祖先是獒犬种,中世纪时,用其攻击野牛,猎野猪与鹿。19世纪时在德国慕尼黑以伯连巴塞尔獒犬和斗牛犬交配育种,和其它一些品种交配改良成现在的拳师犬。最早出现在英国是1930年。除好斗的外表和活泼的天性之外,精力充沛,也很敏感和负责任。第二次世界大战后,该犬不但在美国、英国有一定影响,同时在世界各地用于家庭犬及警卫犬,深受人们的喜欢。'),(20,2,'蝴蝶犬','活泼,温顺','dog7.jpg','3500.00',5,'蝴蝶犬（Papillon）又称蝶耳犬和巴比伦犬,因耳朵上的长毛直立装饰,犹如翩翩起舞的蝴蝶而得名。体高20-28厘米,体重3-5公斤,起源于十六世纪,原产于西班牙,是欧洲最古老的品种之一。其最特别之处在于他那一对十分引人注目的大耳朵,以及娇小玲珑的身姿,因此受到很多爱美女士的钟爱。其个性活泼好动、胆大灵活,又容易亲近,对主人热情、温顺,但极具独占心,对第三者会起妒忌之心。'),(21,2,'松狮犬','温顺,护食','dog8.jpg','1600.00',5,'松狮犬（Chow Chow）是原产中国西藏的古老犬种,至少已经有2000年的历史。汉朝有些文物中也可见到。真正的名字是獢獢,松狮是进入到外国,又传回中国的名字。英文Chow Chow,常常简称为Chow,是一种非常古老的品种,可能因其头部酷似雄狮而得名；松狮犬集美丽、高贵和自然于一身,一脸典型的悲苦表情更添情趣。现在松狮犬可爱的外表已被人视作理想的家居宠物,主要作为伴侣犬。'),(22,2,'西伯利亚雪橇犬','温顺,胆小','dog9.jpg','2600.00',5,'西伯利亚雪橇犬（Siberian husky）是原始的古老犬种,在西伯利亚东北部、格陵兰南部生活。常见别名哈士奇,俗名为二哈。哈士奇名字的由来,是源自其独特的嘶哑声。哈士奇性格多变,有的极端胆小,也有的极端暴力,进入大陆和家庭的哈士奇,都已经没有了这种极端的性格,比较温顺,是一种流行于全球的宠物犬。与金毛犬、拉布拉多并列为三大无攻击型犬类。被世界各地广泛饲养,并在全球范围内,有大量该犬种的赛事。'),(23,2,'西施犬','欢乐,多情','dog10.jpg','6000.00',5,'西施犬（Shih Tzu）,别名：狮子犬。原产中国,起源于17世纪。源于西藏,被饲养在喇嘛庙内作为看门狗。 喇嘛教学问之神曼珠休理经常携带会变狮子的小型犬。外形近似狮子的西藏产的拉萨犬被认为和狮子犬关系密切。 1908年被带往欧洲,1935年在英国成立了西施犬俱乐部。1969年美国承认该品种并予以注册。被毛较长,需要经常梳理。了解常见的犬病及繁殖行可使犬更健康的成长。'),(24,4,'七彩神仙鱼','美丽','fish1.jpg','200.00',5,'七彩神仙鱼虽然被叫做“神仙鱼”,但其与神仙鱼的亲缘关系相距甚远（神仙鱼是神仙鱼属Pterophyllum下的横纹神仙鱼P. altum、利氏神仙鱼P. leopoldi和大神仙鱼P. scalare的总称,而七彩神仙鱼则是盘丽鱼属Symphysodon下的黄棕盘丽鱼S. aequifasciata盘丽鱼S. discus和塔尔氏盘丽鱼S. tarzoo的总称,神仙鱼属Pterophyllum和盘丽鱼属Symphysodon是慈鲷科下的两个不同的属）1 体长20厘米,近圆形,侧扁,尾柄极短,背、臀鳍对称。体呈艳蓝色,或深绿色、棕褐色,从鳃盖到尾柄,分布着8条间距相等的棕红色横条纹。体色受光照影响产生变幻,光暗时体色深暗；光线明亮,则色彩艳丽丰富,条纹满身。远观头、体和鳍难以分辨,酷似田径场上的铁饼,故英文名其为“铁饼”。'),(25,4,'孔雀鱼','美丽,艳丽','fish2.jpg','120.00',16,'孔雀花鳉（Poecilia reticulata）1  ,俗名孔雀鱼,也称为凤尾鱼、彩虹花鳉、虹鳉、古比鱼等,是花鳉科花鳉属的一种热带鱼,雌雄鱼的体型和色彩差别较大,成年雄鱼身体瘦小,体长3-4厘米,体色绚烂多彩、体型优美；成年雌鱼体长5厘米左右,其尾柄及尾鳍占全身的1/3以上,各鳍均较雄鱼的短。较雄鱼体色逊色得多。'),(26,4,'清洁鱼','活泼','fish3.jpg','18.00',12,'清洁鱼,一种生活在海洋里的鲜艳夺目的小鱼,学名霓虹刺鳍鱼,专为生病的大鱼搞清洁,故又叫“鱼大夫”、“鱼医生”。因受到细菌等微生物和寄生虫的侵袭而生病的大鱼前来求医时,首先张开大口,小小的清洁鱼便能进它嘴里,喉咙里和牙缝间。清洁完后,大鱼便舒舒服服地游走了。它没有任何药物和器械,只凭嘴尖去清洁病鱼伤口上的坏死组织和致病的微生物以及动物所残留的物质,而这些被\"清除\"的污物却成了它赖以生存的食物。'),(27,4,'锦鲤金鱼','漂亮','fish4.jpg','20.00',20,'锦鲤在生物学上属于鲤科,全世界共有鲤科鱼类210属3700种以上。是风靡当今世界的一种高档观赏鱼,有“水中活宝石”、“会游泳的艺术品”的美称。锦鲤体格健美、色彩艳丽、花纹多变、泳姿雄然,具极高的观赏和饲养价值。其体长可达1-1.5米。 锦鲤由不同的色彩、图案和鱼鳞来区分。其中蝴蝶锦鲤是于20世纪80年代才培育成功,以长而平滑的鳍而出名其实际上是由锦鲤和亚洲鲤鱼杂交而成,并不是真正的锦鲤。锦鲤的色彩包括一到三种颜色,其中包括：白、黄、橙、红、黑和蓝（一种由于鱼鳞下黑色所呈现的浅灰色阴影）,颜色成无光或有光泽的。尽管图案有着无尽的变化,但最好的图案是头顶的圆形小斑点和背部阶梯石状的图案。鱼鳞可以有,也可以没有；大或小；或者有皱褶,如同“钻石”一般。'),(28,4,'小精灵鱼','可爱','fish5.jpg','8.00',10,'小精灵鱼,学名筛耳鲶（中文学名待定,此种从Otocinclus筛耳鲶属,移入Macrotocinclus属,中文译名暂缺）体形细小,能游入极为狭小的空间,吃尽苔藻,同时也可将水族箱内最使人烦恼的蜗牛卵吃得一干二净,进而控制蜗牛的数量,绝对称得上是水族箱中最佳的清洁工。因此鱼主要以藻类为食,当水族箱中缺乏藻类时,极易死亡,某些个体会主动食用饲料屑。适宜温度为22～30℃,喜弱酸性软水,最好饲养于有密植水草并有阳光照射的水族箱中。此鱼性情温和,不吃鱼虾,能与大多数性情温和的小鱼混养。'),(29,4,'灯科鱼','灵巧','fish6.jpg','40.00',12,'这是一种对于部分具有观赏价值的淡水小型鱼的泛称,一般认为包括部分的脂鲤科、鲤科、银汉鱼科甚至鱂鱼科,也可按地域分布的不同来划分（亚洲 、非洲、美州、大洋洲）,绝大多数体长在2cm到6cm之间。灯鱼都是小型鱼,很多有着鲜艳的颜色或是漂亮的体型,非常适合普通家庭饲养,配合造景水族箱,可谓美轮美奂。部分灯鱼在某些条件下会有群体游动的特点,当在水族箱中表现时,会带来一种别样的自然美。”红绿灯”与“宝莲灯”为代表的各流域灯鱼习性不同,但很多喜欢在水族箱中各水层群体游动。在微光环境下,鱼群粼粼闪动,灵敏矫捷,相当美丽。水族箱建议采用单一颜色背景,以深色系的底砂和沉木烘托甚为美观。水草种植依个人喜好而定,可选莫丝、水榕附着沉木的水景风格亦或多水草的葱郁风格。'),(30,4,'白招财鱼','机敏','fish7.jpg','30.00',20,'招财鱼,Osphronemus goramy (Lacepède, 1801),又名战船、长丝鲈,原产地越南、泰国、马来西亚等,是鲈形目（Perciformes）攀鲈亚目（Anabantoidei）丝足鲈科 （Osphronemidae）丝足鲈属的一种鱼类。该科的鱼一般体型都比较小,但招财是该科鱼中的巨人。成鱼体长20～69厘米,椭圆形。体色灰褐,腹鳍变异为两根长长的丝鳍,各鳍浅红色。饲养水温22～32摄氏度,水质要求不严,易饲养。繁殖水温26～27摄氏度雄鱼背鳍末梢尖长,属泡沫卵生鱼类。在水族箱水面上漂浮几颗水草,将一对亲鱼放入,雄鱼在水面上突出大量泡沫,并将受精卵突入泡沫中孵化。雌鱼每次产卵500～1000粒。具有很强的领域性,会攻击其他鱼类,不推荐与其他鱼类混养。'),(31,4,'宝莲灯鱼','色彩斑斓','fish8.jpg','8.00',22,'宝莲灯,学名阿氏霓虹脂鲤,也叫红莲灯、新日光灯鱼、新红莲灯鱼。是鲤形目、脂鲤亚目、脂鲤科,霓虹脂鲤属的一种重要观赏鱼,原产于南美洲亚马逊河流域。宝莲灯鱼娇小纤细,体长约在4～5厘米,是热带鱼中的珍品。其体侧扁,呈纺锤形,头、尾柄较宽,吻端圆钝。最明显的特色是在,身体上半部有一条明亮的蓝绿色带,下半部是一条红色色带,全身带有金属光泽,闪闪发光,游动时特别美丽。宝莲灯鱼性情温和,宜群养,泳姿欢快活拨,十分讨人喜爱。宝莲灯鱼成鱼体长 4～5 厘米体呈纺锤形,体侧扁,头和尾柄较宽,吻圆钝。其口、眼稍大,臀鳍延长,尾鳍叉形。宝莲灯鱼体色艳丽,背部呈黄绿色,腹部乳白色。最显著的特色是在体侧,从眼后缘到尾柄有一条较宽的明亮的蓝色纵带,纵带下方后腹部有一片红色斑块,十分醒目。'),(32,4,'亲嘴鱼','奇妙','fish9.jpg','20.00',23,'接吻鱼又叫亲嘴鱼、吻鱼、桃花鱼、大白桃、吻嘴鱼、香吻鱼、接吻斗鱼等,体色淡浅红色。以鱼喜相互“接吻”而闻名。不仅异性鱼即使同性鱼也有“接吻”动作,接吻鱼的“接吻”并不是友情表示,而是一种争斗。其英文名为Kissing fish,意为接吻鱼,上海人常用中英名合称为Kiss鱼。野生体长20～33厘米,人工养殖3～5厘米。原产于泰国、印度尼西亚、苏门答腊。为常见观赏鱼。接吻鱼在观赏鱼品种中属于小型观赏鱼的一种,因为其两条鱼互相接吻而得名接吻鱼并受到不少鱼友的喜爱,意喻自己的爱情长久。'),(33,4,'一眉道人','惊艳','fish10.jpg','15.00',22,'小时的个体除背鳍有少许的淡红外,其他身体部分偏素色, 一眉道人鱼原产于印度,除小时的个体除背鳍有少许的淡红外,其他身体部分偏素色,通常在超过5cm后开始出现红色及清晰的黑色条纹,体表的鳞片也随着成长呈闪光的银白色,黑色条纹从吻部贯穿眼睛至尾部,紧贴黑色条纹上方为宽长的猩红色条纹,同样从吻部上方贯穿虹膜直至腹鳍的正上方,犹如红色的眉毛,故也称红眉道人。幼鱼个体除背鳍有少许的淡红外,其他身体部分偏素色,通常在超过5cm后开始出现红色及清晰的黑色条纹,体表的鳞片也随着成长呈闪光的银白色,黑色条纹从吻部贯穿眼睛至尾部,紧贴黑色条纹上方为宽长的猩红色条纹,同样从吻部上方贯穿虹膜直至腹鳍的正上方,犹如红色的眉毛,故也称红眉道人。'),(34,1,'布偶猫','温顺,安静','cat2.jpg','800.00',5,'布偶猫,又称“布拉多尔（Ragdoll）”,发源于美国,是一种杂交品种宠物猫。是现存体型最大、体重最重的猫之一。头呈楔形,眼大而圆,被毛丰厚,四肢较长且富有肉感,尾长,身体柔软,毛色有重点色、手套色或双色等等。布偶猫较为温顺好静,对人友善。其美丽优雅又非常类似于狗的性格（Puppy cat）而又被称为\"仙女猫\",\"小狗猫\"。特殊的外貌和温和的性格是布偶猫最大的特点之一。布偶猫善于讨好主人,总是形影不离地围着主人转,这种猫喜静,但也爱玩玩具,并喜欢参与家中的日常生活。'),(35,1,'苏格兰折耳猫','安宁','cat3.jpg','2600.00',5,'苏格兰折耳猫(学名：Felis silvestris catus,英文名：Scottish Fold)是猫的一种在耳朵有基因突变的猫种。由于这猫种最初在苏格兰发现,所以以它的发现地和身体特征而命名。这种猫在软骨部份有一个折,使耳朵向前屈折,并指向头的前方。也正因如此,这种猫患有先天患有骨科疾病,时常用坐立的姿势来缓解痛苦。苏格兰折耳猫特别平和的性格,对其他的猫和狗很友好。温柔,感情丰富,有爱心,很贪玩,非常珍惜家庭生活。他们的声音很柔和。生命力顽强,该品种的猫是优秀的猎手。'),(36,1,'暹罗猫','机智,灵活','cat4.jpg','2000.00',5,'暹（xiān）罗猫是世界著名的短毛猫,也是短毛猫的代表品种。种族原产于暹罗（今泰国）,故名暹罗猫。在多年前,这种珍贵的猫仅在泰国的皇宫和大寺院中饲养,是足不出户的贵族。作为一种著名的宠物猫,暹罗猫能够较好适应主人当地的气候,且性格刚烈好动,机智灵活,好奇心特强,善解人意。暹罗猫喜欢与人为伴,它需要主人的不断爱抚和关心,对主人忠心耿耿、感情深厚,如果强制与主人分开,则可能会抑郁而死。暹罗猫还十分聪明,能很快学会翻筋斗叼回抛物等技巧。暹罗猫的叫声独特或像小孩的啼哭声,而且声音很大。'),(37,1,'美国短毛猫','聪明,温顺','cat5.jpg','2800.00',5,'美国短毛猫（American Shorthair）是原产美国的一种猫,其祖先为欧洲早期移民带到北美的猫种,与英国短毛猫和欧洲短毛猫同类。据记载,五月花号上携带了数只猫以帮助除鼠。该品种的猫是在街头巷尾收集来的猫当中选种、并和进口品种如英国短毛猫、缅甸猫和波斯猫杂交培育而成。美国短毛猫素以体格魁伟,骨胳粗壮,肌肉发达,生性聪明,性格温顺而著称,是短毛猫类中大型品种。被毛厚密,毛色多达余种,其中银色条纹品种尤为名贵。'),(38,1,'中国狸花猫','漂亮,机灵','cat6.jpg','800.00',5,'狸花猫的原产地是中国,属于自然猫,是在千百年中经过许多品种的自然淘汰而保留下来的品种。人们最熟悉的就要算是“狸猫换太子”（宋朝）的故事了,这也是能够找到的最早有关于狸花猫的记录了,所以,狸花猫就有了一个这样的英文名字DragonLi,由CFA猫会授予。它非常受百姓们喜欢,因为它有漂亮、厚实的皮毛,健康的身体。容易喂养,并且对捕捉老鼠十分在行。'),(39,1,'英国短毛猫','温柔,平静','cat7.jpg','1600.00',5,'英国短毛猫,体形圆胖,四肢粗短发达,毛短而密,头大脸圆,温柔平静,对人友善,极易饲养。大而圆的眼睛根据被毛不同而呈现各种颜色。作为一个古老的猫品种,其历史可追溯至古罗马时期的家猫,由于拥有悠久的育种历史,可以称得上是猫家族中的典范。英国短毛猫除了拥有固定而聚,代表性的遗传特征之外,又具有丰富的变异性,如背毛色眼睛颜色等。更重要的是,有了广泛的配种历史后,这种猫拥有了更健康的身体和更温驯的性格。'),(40,1,'挪威森林猫','美丽,敏捷','cat8.jpg','2000.00',5,'威森林猫（Norwegian Forest Cat）,以白话直译的说法,就是在挪威森林里面栖息的,生存的猫,这是斯堪地半岛特有的品种,其起源不明,常常以像妖精的猫出现在北欧的神话之中。挪威森林猫外观与缅因猫相似,与西伯利亚森林猫同列。森林猫生长的环境非常寒冷和恶劣,因此它长有比其它猫更厚密的被毛和强壮的体格。挪威森林猫体大肢壮,奔跑速度极快,不怕日晒雨淋,行走时颈毛和尾毛飘逸,非常美丽。但是,生长在挪威森林内地的猫,数目已逐年减少,一时有绝迹的危机。因而,在进入一九七零年代初期,努力保存、繁殖,就显得格外重要。'),(41,1,'金吉拉猫','华丽,高贵','cat9.jpg','3600.00',5,'金吉拉猫原意是一种绒鼠的名称,祖先是安哥拉猫与波斯猫。金吉拉是最早纯人工育种,经过多年精心繁育而成的一个特色猫种。原产国在英国。特征是毛尖颜色不如银色渐层猫的清楚,属颜色较浅的猫。毛型厚长、柔滑。个性温顺。由波斯猫经过人为刻意培育而成,养猫界俗称“人造猫”。金吉拉猫于年首次被作为一个独立的品种出现在英国水晶宫猫展上。金吉拉爱干净,认主人,认自己的名字。喜欢干燥明亮的地方。作为珍稀的纯种猫,攀爬跳跃的能力相对较强。'),(42,1,'埃及猫','机敏,灵活','cat10.jpg','1000.00',5,'埃及猫(Egyptian Mau)属于中型短毛猫品种。胎生,体重.5-7千克,皮肤和毛色上都有像豹的斑纹,埃及猫形体适中,肌肉发达。埃及猫是点状虎斑种的猫中唯一不以人工繁殖,而是自然形成点状花纹的猫种,被誉为“小型豹”,身上的点状花纹、或大或小随意分布,脸、四肢和尾巴有条纹图案。额头的眉宇之间有一个圣甲虫图案。埃及猫是现代家猫的原始品种之一。因为它们在身体结构上、生长和行为上与其他现代家猫都有很大分别,从此可见它的年代很久远,或至少这种品种的习性很很特别。埃及猫对温度很敏锐,非常喜欢温暖的地方。它们对药物和麻醉剂很敏感。');

/*!40101 SET SQL_MODE=@OLD_SQL_MODE */;
/*!40014 SET FOREIGN_KEY_CHECKS=@OLD_FOREIGN_KEY_CHECKS */;
/*!40014 SET UNIQUE_CHECKS=@OLD_UNIQUE_CHECKS */;
/*!40111 SET SQL_NOTES=@OLD_SQL_NOTES */;
